,alpha,beta,s,c,old_crt,new_crt,t0,t0ann,kappa,F_cmoonn,L_cmoonn,Lcmonno,an_oool,wssd,w
0,0.4022812325655706,0.7701920754441935,0.02856854432933916,0.6533615493522723,4.1012800173307395,-4.7472071017897175,451.1467803919467,489.05809719748737,27.134595671817973,0.21268255273544817,0.16513959066870418,0.15513959066870417,0.1366843477120476,14.549605653988563,new_rt:8
1,0.3872873347414447,0.7243238062717939,0.02974630718066156,0.6979522066590885,4.414720351519329,-5.08612037268962,455.90154319572287,498.2122865075337,23.30800623174861,0.2444892036543587,0.18968533710888222,0.17968533710888013,0.16328289877251997,17.20900333095716,old_rt:2
2,0.38771117529972726,0.7281139591791915,0.030250938225544425,0.6937304416216497,4.447770350276167,-5.1160372949110435,458.9468512929449,506.7778075035027,22.819004971221393,0.23865458094749334,0.1981488933675296,0.18814889328096135,0.15379881710504023,16.46603400410569,new_err:4
3,0.21695603927662035,1.5853957815587998,0.010021522879520508,0.15684212503308947,1.9593347274488506,-2.4679270427494617,698.8695579454353,698.3101678663437,35.16925939777019,0.02096354109774067,0.028591914042813377,0.018591914042813212,4.2911022046880184e-16,0.8125199145193824,old_err:1
4,0.38761061241241895,0.7246177012941487,0.03015069480682529,0.6955555345956685,4.4500032061608925,-5.114465745568752,457.8090953900855,505.52427605010513,22.88172799631949,0.2402734333462971,0.19801566884396232,0.1880156688439623,0.15553663693869868,16.644317160303018,--------------
0,0.01 ~ 1.0,0.01 ~ 3.0,0.01 ~ 1.0,0.01 ~ 2.0,1.0 ~ 8.0,-8.0 ~ -1.0,100.0 ~ 800.0,100.0 ~ 800.0,5.0 ~ 100.0,0.0 ~ 2.0,0.0 ~ 2.0,0.0 ~ 2.0,0.0 ~ 2.0,0.0,--------------
