,alpha,beta,s,c,old_crt,new_crt,t0,t0ann,kappa,F_cmoonn,L_cmoonn,Lcmonno,an_oool,wssd,w
0,0.19707377635339024,2.4680050492058663,0.03824096772501543,0.20726142911228326,4.284423759775356,-4.122955064358086,675.4551823052266,714.1082149016834,20.573400786475165,0.032710913698671684,0.025240336926274472,0.015240336935166443,0.0,1.45040478030309,new_rt:50
1,0.19686340942341357,2.469464197573129,0.03822837402456874,0.2069414468441432,4.2882716098470075,-4.121326967069644,675.4975761175751,714.1952487694753,20.560294072857623,0.03270449333653249,0.02523365198983241,0.015233651989830635,1.3280084111296367e-15,1.4433760832670466,old_rt:10
2,0.19707751558082925,2.4676968408877844,0.03817244993018425,0.20703606113219136,4.274272271637631,-4.114902277684008,675.1495222590505,713.6371518137756,20.681670808376182,0.032645951723230156,0.025051761238366065,0.015051761237479925,8.848004811340634e-15,1.442832798142767,new_err:5
3,0.19649983259010403,2.4702851981289853,0.038181481917305804,0.20655303174099143,4.272107410072481,-4.114863367815191,675.2858006713519,713.5431067464857,20.68020755654605,0.032492396868163444,0.02493286394061042,0.014932864193811096,3.397606487897363e-11,1.4240244900625099,old_err:1
0,0.01 ~ 1.0,0.01 ~ 3.0,0.01 ~ 1.0,0.01 ~ 2.0,1.0 ~ 8.0,-8.0 ~ -1.0,100.0 ~ 800.0,100.0 ~ 800.0,5.0 ~ 100.0,0.0 ~ 2.0,0.0 ~ 2.0,0.0 ~ 2.0,0.0 ~ 2.0,0.0,--------------
