,alpha,beta,s,c,old_crt,new_crt,t0,t0ann,kappa,F_cmoonn,L_cmoonn,Lcmonno,an_oool
0,0.37410575145500324,1.0005772248850129,0.03000383094187769,0.5029955799721956,3.2108626100505955,-4.168481383422911,506.93984234418014,509.2636651769207,33.76780817860568,0.12416439651444147,0.05461360189215812,0.044613601901130034,0.049209904617018886
1,0.3801505622380431,0.7601968375575154,0.03837253593188579,0.8823126342032032,5.264337644487543,-6.792982603584529,517.896977582503,529.9771482982081,12.470910742715837,0.36776973280281094,0.19607295856581494,0.18607295856558817,0.28015336833625365
0,0.01 ~ 1.0,0.01 ~ 3.0,0.01 ~ 1.0,0.01 ~ 2.0,1.0 ~ 8.0,-8.0 ~ -1.0,100.0 ~ 800.0,100.0 ~ 800.0,5.0 ~ 100.0,0.0 ~ 2.0,0.0 ~ 2.0,0.0 ~ 2.0,0.0 ~ 2.0
