,alpha,beta,s,c,old_crt,new_crt,t0,t0ann,kappa,F_cmoonn,L_cmoonn,Lcmonno,an_oool
0,0.386899429909637,0.724449578531286,0.029858969741548138,0.6979839200729603,4.40260632620519,-5.097364643167553,456.64968642773925,498.71585229445736,23.275606187516736,0.2427125938032097,0.19001820529120172,0.18001820529120172,0.16184236629130822
1,0.38107199840496364,0.6921882935600875,0.030708674869927843,0.7667957256375383,4.824368471589339,-5.526062854390587,460.07073629781615,499.68262203326026,19.478646706383273,0.2987964402323285,0.21313147111250014,0.20313147111250016,0.21576168290797323
2,0.3717312690419913,0.6988930821120275,0.029838677308750904,0.713839481647576,4.47093670744002,-5.193833202189837,456.17867697693396,492.29298441635075,22.539978793202774,0.2582534363275568,0.1874558925080551,0.17745589250959076,0.18089408045300887
0,0.01 ~ 1.0,0.01 ~ 3.0,0.01 ~ 1.0,0.01 ~ 2.0,1.0 ~ 8.0,-8.0 ~ -1.0,100.0 ~ 800.0,100.0 ~ 800.0,5.0 ~ 100.0,0.0 ~ 2.0,0.0 ~ 2.0,0.0 ~ 2.0,0.0 ~ 2.0
