,alpha,beta,s,c,old_crt,new_crt,t0,t0ann,kappa,F_cmoonn,L_cmoonn,Lcmonno,an_oool,wssd,w
0,0.10667041736185444,0.9573015940234595,0.0377763741859367,0.3817428948512432,5.327149993516037,-4.44667484842137,676.2598513666558,719.907931219772,14.617782245147774,0.16666195854651827,0.010000000081154616,1.242932187037472e-10,0.09260817869154384,91.76239678010586,new_rt:50
1,0.15354171635748817,1.3301927123092234,0.043907085024098305,0.5139346937090923,8.0,-7.099014984275402,729.6193630336475,754.2333128112009,5.000000000000354,0.2945057842936216,0.010000000000060693,8.631938694296865e-16,0.21917156572395255,87.76247024667842,old_rt:10
2,0.15355459046314715,1.330130549675698,0.04391405931985572,0.5139982188466653,7.999999999910588,-7.099645168420525,729.5974916289574,754.2032044505088,5.000000000095694,0.2945337641816414,0.009999999994071505,0.0,0.21919759692735774,87.7624780224324,new_err:1000
3,0.1534197883459385,1.329183476695646,0.043900660614651914,0.5139334858565616,7.999999999996329,-7.098123044510679,729.6375985283069,754.2563961708519,5.000000000007054,0.29451595147293913,0.009999999999952217,0.0,0.21918172717859122,87.76191222716223,old_err:1
0,0.01 ~ 1.0,0.01 ~ 3.0,0.01 ~ 1.0,0.01 ~ 2.0,1.0 ~ 8.0,-8.0 ~ -1.0,100.0 ~ 800.0,100.0 ~ 800.0,5.0 ~ 100.0,0.0 ~ 2.0,0.0 ~ 2.0,0.0 ~ 2.0,0.0 ~ 2.0,0.0,--------------
