,alpha,beta,s,c,old_crt,new_crt,t0,t0ann,kappa,F_cmoonn,L_cmoonn,Lcmonno,an_oool,wssd,w
0,0.21337489935316029,2.570896668933311,0.036283692097173796,0.20180124814708206,4.384885089099863,-3.7431617383444076,664.8350927411014,721.0659236828113,21.965662926617803,0.03298414493200933,0.053003409139320126,0.04300340917128066,0.0,11.040405054123207,new_rt:8
1,0.2137242178867621,2.5701915312924473,0.036215625201238014,0.20188683919944708,4.378617811764792,-3.739210172325927,664.8000199170204,721.1334285365317,22.02086718627568,0.033038026005379154,0.05294628083759933,0.042946280837583346,1.2595487437682725e-14,11.029678648558162,old_rt:2
2,0.21169450255379105,2.583052491740243,0.03617643327839681,0.19987910657152091,4.386912460490418,-3.7365039246985146,665.0154307740983,721.037649637261,21.979459020653817,0.03268718096521469,0.05253486646005797,0.04253486646005729,1.1632374630557478e-16,11.155321266111631,new_err:4
3,0.22488591472052524,2.5243375967363173,0.03772016114467633,0.274005157123771,5.033023027080258,-4.635565003632344,687.0200428640482,700.9962012512044,14.554515076003558,0.08186012751730914,0.05295369489315684,0.042953696346920416,0.05636204429928164,8.46091813704654,old_err:1
4,0.214401839817652,2.579301229655889,0.03747081080709229,0.25650458077324023,4.951446719270196,-4.555373093884154,687.6233160533677,700.9363931114876,15.017376081417158,0.0729744802128384,0.050051286259249865,0.04005128626319151,0.0488306482965812,9.319922011915311,--------------
5,0.2172814522091258,2.5610816146532316,0.037670053122773946,0.26119932437546955,4.939835955801341,-4.580905186438808,687.9400577917303,700.6770708598452,14.965780089147408,0.07422008540582262,0.050682701918338006,0.04068270191757809,0.049945063701869276,9.105256301889135,--------------
0,0.01 ~ 1.0,0.01 ~ 3.0,0.01 ~ 1.0,0.01 ~ 2.0,1.0 ~ 8.0,-8.0 ~ -1.0,100.0 ~ 800.0,100.0 ~ 800.0,5.0 ~ 100.0,0.0 ~ 2.0,0.0 ~ 2.0,0.0 ~ 2.0,0.0 ~ 2.0,0.0,--------------
