,alpha,beta,s,c,old_crt,new_crt,t0,t0ann,kappa,F_cmoonn,L_cmoonn,Lcmonno,an_oool
0,0.3670763538168613,0.6901624496395286,0.030511443208974746,0.7141440449608176,4.567050226255028,-5.27254062231426,458.81972955449453,503.8383323847754,21.591164515491762,0.25626743273973024,0.2027300573118364,0.19273005737289975,0.17300670320601097
1,0.16865733078282616,2.153480448883181,0.053888485888634916,0.2659479954962367,5.311566553759647,-8.0,694.1731724497188,683.4212451569069,5.0,0.022397885355684977,0.1408385429485826,0.13083854294787226,2.0039075395397897e-14
2,0.44109179601195814,0.8697464865792425,0.028106781472422463,0.5978809971361752,3.9395626284414167,-4.433187020563635,450.9497402738318,506.67618787463596,30.184797386652477,0.17304998442372446,0.1648605670105302,0.1548605670105302,0.08753033597554759
3,0.38461512123995034,0.7379948816129482,0.02887510888904657,0.6793763591243129,4.197148281741437,-4.921275565776636,454.02758473818204,482.28530333218794,25.445199857323708,0.2331477085052058,0.16383758427408834,0.15383758427408833,0.16226896868757185
4,0.38916102280633363,0.6955426229400538,0.031210663063885744,0.8087922522707978,5.0319930423561114,-5.7742421355836395,464.3296063547273,499.7757500096961,17.70782132731559,0.33101075198960617,0.22378928716047236,0.21378928716047568,0.248315623815895
5,0.37199950953863775,0.706688962895521,0.029893522231870383,0.6864945667976983,4.379299673040658,-5.068055645346809,455.82007786991477,500.0419239949218,23.57151810323133,0.23555415140117106,0.18932410444667655,0.1793241044466765,0.15440751987989645
0,0.01 ~ 1.0,0.01 ~ 3.0,0.01 ~ 1.0,0.01 ~ 2.0,1.0 ~ 8.0,-8.0 ~ -1.0,100.0 ~ 800.0,100.0 ~ 800.0,5.0 ~ 100.0,0.0 ~ 2.0,0.0 ~ 2.0,0.0 ~ 2.0,0.0 ~ 2.0
