,alpha,beta,s,c,old_crt,new_crt,t0,t0ann,kappa,F_cmoonn,L_cmoonn,Lcmonno,an_oool,wssd,w
0,0.200558131258419,2.591760860250651,0.029957192931626676,0.1997882617274164,8.0,-3.272453060470316,662.1297306826591,733.8809777501848,12.721780679114469,0.10131224112112998,0.043857109427147004,0.03385710942713306,0.06294445157950676,163.48291350291328,new_rt:8
1,0.20229567841270465,2.582850976417138,0.02984837054339,0.20102857484662165,8.0,-3.2633244433235564,660.997951521834,732.9092198873594,12.803348653853195,0.10235959661213591,0.04376468823742822,0.03376468814780096,0.06375422856549522,163.40262976170396,old_rt:20
2,0.20156659515947478,2.5863459307502197,0.02990444750481145,0.2006529608233862,7.999999999990094,-3.269278120466202,661.6071356213478,733.4200341841945,12.756153494600193,0.10199693518368279,0.043832669799288834,0.03383266979894383,0.0634783164958627,163.3871098642855,new_err:192
3,0.2008890436707028,2.590087644473078,0.029939581054058837,0.20009974426490046,7.999999999999917,-3.271866134219902,661.9896297754914,733.8583005539945,12.729992095974772,0.10156096386692981,0.043858436848559376,0.03385843684856288,0.0631407749513133,163.44019449618617,old_err:10
0,0.01 ~ 1.0,0.01 ~ 3.0,0.01 ~ 1.0,0.01 ~ 2.0,1.0 ~ 8.0,-8.0 ~ -1.0,100.0 ~ 800.0,100.0 ~ 800.0,5.0 ~ 100.0,0.0 ~ 2.0,0.0 ~ 2.0,0.0 ~ 2.0,0.0 ~ 2.0,0.0,--------------
