,alpha,beta,s,c,old_crt,new_crt,t0,t0ann,kappa,F_cmoonn,L_cmoonn,Lcmonno,an_oool,wssd,w
0,0.22031905371712596,2.5452912635445384,0.037706047944475116,0.26603212447085917,4.956110254495219,-4.599640253528174,687.6040513038138,700.7433367608795,14.872443491181656,0.07664767470171684,0.051488597484042053,0.041488597484040136,0.05193664095744165,0.35583104983384395,new_rt:8
1,0.2114881274843039,2.5820344168396248,0.036199694152470575,0.19979451431316056,4.386533134904123,-3.7356977370838553,664.9806959174222,720.9299082221748,21.984391372415633,0.032624390917780854,0.05249300815958759,0.042493008147892766,7.0197702722696556e-12,0.45542251859965877,old_rt:2
2,0.213749489849082,2.5698573445158206,0.03620414200923012,0.20183072662726612,4.380867188641214,-3.7381516860076887,664.7603740681312,721.1723116010311,22.02142783334129,0.03306792587697596,0.05298710630612722,0.04298710630611381,2.605001660125729e-14,0.43808452608929677,new_err:4
0,0.01 ~ 1.0,0.01 ~ 3.0,0.01 ~ 1.0,0.01 ~ 2.0,1.0 ~ 8.0,-8.0 ~ -1.0,100.0 ~ 800.0,100.0 ~ 800.0,5.0 ~ 100.0,0.0 ~ 2.0,0.0 ~ 2.0,0.0 ~ 2.0,0.0 ~ 2.0,0.0,old_err:1
