,alpha,beta,s,c,old_crt,new_crt,t0,t0ann,kappa,F_cmoonn,L_cmoonn,Lcmonno,an_oool,wssd,w
0,0.35487777402289766,0.6724403256227584,0.03150928255871732,0.8189701394599713,4.979705144993211,-5.950429664036029,473.06860112547815,488.3959251068243,17.01729960280222,0.3414744467550429,0.2011782431816143,0.1911782431816143,0.27307747392908704,2.155830487500739,new_rt:8
1,0.35451713826468684,0.6758220612509744,0.02975096842603478,0.7049277060616305,4.437068985996908,-5.168673478572425,454.0524726831252,490.7998091196153,22.93656620142237,0.25291387030154094,0.18505357474579887,0.17505357474579886,0.17640572954876144,3.8582247498143327,old_rt:2
2,0.3803241681460662,0.6897997331764527,0.03127297277742455,0.77680001299093,4.967469560928865,-5.64114854967512,462.8328733878476,507.57440694967397,18.407710719673666,0.3068273555948585,0.22726598474463028,0.21726598471544123,0.21924175189440612,2.5161661625388523,new_err:4
3,0.37360368199035154,0.6973310031642213,0.030187120476972015,0.7125119500476664,4.519887724714283,-5.220124108310734,457.0088802214629,500.5784766403153,22.131094492051822,0.2548493525580429,0.19827532078741175,0.18827532078741177,0.17263005368209863,3.573238731813802,old_err:1
4,0.34875718045974946,0.6716605344995485,0.029922130234627396,0.6937468911944699,4.420098299945981,-5.144197453924679,454.6340398404293,495.7068611891496,23.092774683112054,0.24378260859796477,0.18809820445239617,0.17809820445239616,0.16524473734018563,3.983846180194185,--------------
0,0.01 ~ 1.0,0.01 ~ 3.0,0.01 ~ 1.0,0.01 ~ 2.0,1.0 ~ 8.0,-8.0 ~ -1.0,100.0 ~ 800.0,100.0 ~ 800.0,5.0 ~ 100.0,0.0 ~ 2.0,0.0 ~ 2.0,0.0 ~ 2.0,0.0 ~ 2.0,0.0,--------------
