,alpha,beta,s_ss2,s_ss4,s_ss8,c,old_crt,new_crt,t0,t0ann,kappa,F_cmoonn,L_cmoonn,Lcmonno,an_oool,wssd,w
0,0.243584349170678,2.29576438126046,0.01,0.013194592807346,0.021462827426077,0.200461958126083,3.82795730370735,-3.6028704054025,638.730233835774,742.716726397961,29.8942157715742,0.056204960874706,0.043945120786779,0.033945120789737,1.29965679563005E-11,3.20199898480006,new_rt:50
1,0.244027927068505,2.2938744068807,0.010000000000111,0.013201351379523,0.021466016963274,0.200821380871323,3.82825713947544,-3.60258779946881,638.571285947617,742.676947828319,29.9081794539222,0.056321985043696,0.044019365958745,0.034019365958948,1.91712562233586E-13,3.22251434950936,old_rt:10
2,0.257812165732617,2.24736095108911,0.01,0.013305596734106,0.021634634363348,0.211571360601621,3.92320731328931,-3.63307345009048,635.582935810951,745.315560393506,29.2589959257338,0.060926024106956,0.04836335474817,0.038363354748172,0,3.7592420380386,new_err:5
3,0.151105232569456,2.65791490956432,0.010000000031572,0.0132211556471,0.022399906575411,0.167987545164338,3.80302831767269,-4.09485800231419,689.342266015696,701.652332448786,22.2998105676819,0.057252919795242,0.013601068076938,0.003601068106534,0.036551289402449,0.836317923242391,old_err:1
4,0.241966169988135,2.30191523706527,0.010000000000381,0.013179119717044,0.02143127519917,0.199082109593695,3.81700827093649,-3.59791017720972,638.976779642932,742.314322964718,29.9951899380152,0.055647341104556,0.043399227006582,0.033399227002703,0,3.14976760830043,--------------
5,0.2451262106944,2.28976432609157,0.01,0.013216438232755,0.021491653576453,0.201817415871007,3.83288710223022,-3.60702066014934,638.449938511143,742.844620096586,29.8504229523005,0.056634374199839,0.044348636700855,0.03434863670085,1.63891775567511E-15,3.25696747983922,--------------
6,0.150143073831689,2.66512104276131,0.01,0.013204652690356,0.022360100444448,0.166727773528468,3.81168417046603,-4.08876611291778,689.414121002821,701.768171140926,22.275744103188,0.056964238182511,0.01359208066483,0.003592080664735,0.036357785643444,0.840367886288404,--------------
0,0.01 ~ 1.0,0.01 ~ 3.0,0.01 ~ 1.0,0.01 ~ 1.0,0.01 ~ 1.0,0.01 ~ 2.0,1.0 ~ 8.0,-8.0 ~ -1.0,100.0 ~ 800.0,100.0 ~ 800.0,5.0 ~ 100.0,0.0 ~ 2.0,0.0 ~ 2.0,0.0 ~ 2.0,0.0 ~ 2.0,0,--------------
