,alpha,beta,s_ss2,s_ss4,s_ss8,c,old_crt,new_crt,t0,t0ann,kappa,F_cmoonn,L_cmoonn,Lcmonno,an_oool,wssd,w
0,0.24782869620529696,2.4387460413928874,0.01,0.01876690977628639,0.024661669088427436,0.2951180503240045,5.160570232229083,-4.497423600238424,676.555415398834,710.1884273539142,15.079718986569507,0.13561731909564465,0.0638774774608701,0.053877477459892804,0.10153242125803752,16.78591942055533,new_rt:8
1,0.24645281240533262,2.444750529412179,0.010000000000000247,0.01869484458049277,0.02460657816744537,0.29253607817368577,5.125742597305863,-4.487071305964898,676.9470246629812,709.9866732601521,15.196162856025422,0.13362146478046943,0.06350252944068437,0.05350252944068337,0.09994085108632861,16.850227851923027,old_rt:2
2,0.24549036110804745,2.4520443161175995,0.01,0.018686667387414084,0.02455984894368835,0.29032382354109854,5.118291451733912,-4.4724480602415255,676.7812603983292,710.1139574373511,15.27297111214608,0.1323999866927134,0.06291949116647501,0.05291949116857342,0.09879217881194892,16.90191574249463,new_err:4
3,0.24087808645562953,2.472027120769686,0.01,0.018552476910458793,0.024403414901493527,0.2826279140288007,5.078095385861474,-4.4346505181912095,677.2243253604587,709.8901815933915,15.494812639259854,0.1280683153774786,0.06121799105629864,0.051217991056295264,0.0952126535140394,17.085693859596283,old_err:1
4,0.24475479277140702,2.453019659763303,0.01,0.01867902167328289,0.024557173633527364,0.2893002303945067,5.116717083518493,-4.4670507235255155,676.9149552616291,710.074956932386,15.285543689929858,0.13189173215273203,0.06280442643190598,0.052804426436294856,0.09838691979234446,16.923843815767764,--------------
5,0.24658825400022993,2.442408287361478,0.01,0.01881085355360419,0.02470318095915196,0.2933384354172088,5.1404019944196495,-4.499274552041819,677.3324423347921,710.6100697263414,15.091103198830758,0.13393635249888367,0.06400128978389671,0.054001289783896754,0.10010146984565502,16.828400025539388,--------------
0,0.01 ~ 1.0,0.01 ~ 3.0,0.01 ~ 1.0,0.01 ~ 1.0,0.01 ~ 1.0,0.01 ~ 2.0,1.0 ~ 8.0,-8.0 ~ -1.0,100.0 ~ 800.0,100.0 ~ 800.0,5.0 ~ 100.0,0.0 ~ 2.0,0.0 ~ 2.0,0.0 ~ 2.0,0.0 ~ 2.0,0.0,--------------
