,alpha,beta,s_all,s_annew,c,old_crt,new_crt,t0,t0ann,kappa,F_cmoonn,L_cmoonn,Lcmonno,an_oool,wssd,w
0,0.131033167505885,2.1604561336076795,0.06517071242619324,0.05366825621646442,0.24446035524123036,5.383048952219535,-8.0,693.6730423744519,684.9717324636771,5.000000000000002,0.010000000000000177,0.09680916456501384,0.08680916456501395,1.4919500400004312e-16,2.6633659726293564,new_rt:8
1,0.12346351493170758,0.5429044611441405,0.03592790919876272,0.01940459504016975,0.5674734500452708,3.6572723185993956,-4.5523610571131465,443.0808072067033,432.39927692915654,32.56798500940069,0.1830907105586444,0.0405680026310347,0.030568002631034544,0.1730907105586445,15.383339758184984,old_rt:2
2,0.1320941840624841,2.156526091171972,0.06497307267314802,0.05310171194455544,0.2457041657663786,5.341275560663296,-8.0,693.6757498440686,686.1694974979883,5.027613420411501,0.010000000000002765,0.0972848970842975,0.08728489708431081,0.0,2.637912954655784,new_err:4
3,0.2321061218954135,0.6614189729740153,0.03609501521199456,0.019340826690558154,0.606107093982422,3.6768351382522195,-4.545550242230313,446.9015226403281,437.9354847813826,32.13110444437528,0.19426669228728868,0.043879334168391335,0.033879334168391326,0.18426669228728867,15.884055065415946,old_err:1
4,0.218222402931324,0.6553489890143103,0.03310928370838466,0.017307379235027703,0.5230256398155778,3.2449578847945286,-3.9695202764360937,421.7334881957962,416.180245286807,43.94042908158908,0.14253307404732946,0.03401337430406953,0.02401337430406953,0.13253307404732947,15.421064301601998,--------------
5,0.1343797301385496,2.134575978407396,0.06502927689460458,0.05304591561345628,0.24990698513823825,5.27460427044642,-8.0,693.6943241470627,685.8332998809211,5.088263202935214,0.01000000000000002,0.09771216551457464,0.08771216551457468,0.0,2.573892037692527,--------------
0,0.01 ~ 5.0,0.01 ~ 10.0,0.01 ~ 1.0,0.01 ~ 1.0,0.01 ~ 4.0,1.0 ~ 8.0,-8.0 ~ -1.0,100.0 ~ 800.0,100.0 ~ 800.0,5.0 ~ 100.0,0.0 ~ 4.0,0.0 ~ 4.0,0.0 ~ 4.0,0.0 ~ 4.0,0.0,--------------
