,alpha,beta,s_all,s_annew,c,old_crt,new_crt,t0,t0ann,kappa,F_cmoonn,L_cmoonn,Lcmonno,an_oool,wssd,w
0,0.04581455962932996,4.697811198827998,0.014438882297014928,0.01,0.027511965535354063,4.850310978029158,-3.199913066175337,685.1252492483385,705.5154562330057,21.12180800940531,0.012285568800857388,0.05169514410920569,0.041695144110350565,0.0022855688013925144,9.715247194132143,new_rt:8
1,0.04658482426026779,4.6759670591272515,0.014518453003624369,0.01000000000000011,0.028187761992707547,4.8503439252578575,-3.20904096883107,685.066662701448,705.5769338740402,21.064094769179487,0.012596282836477936,0.052084307916803095,0.04208430791680399,0.0025962828364775666,9.529833232053898,old_rt:2
2,0.047256887671887564,4.657858690480762,0.014712118830258122,0.01,0.028924877787487042,4.884240160781629,-3.2290035804715544,685.4333170793735,705.5470828630691,20.767691856545074,0.013043190081513967,0.052721302993903776,0.04272130297147018,0.0030431901497991244,9.3321986184314,new_err:4
3,0.05128618106981241,4.549677988260025,0.015690765077544837,0.01,0.032333811328819705,4.888574494533182,-3.2489171906174006,685.441136797852,705.595473319852,20.622533081028998,0.014673271067533121,0.05493389488175516,0.04493389488131073,0.004673271067421462,8.35369375390397,old_err:1
0,0.01 ~ 1.0,0.01 ~ 10.0,0.01 ~ 1.0,0.01 ~ 1.0,0.01 ~ 2.0,1.0 ~ 8.0,-8.0 ~ -1.0,100.0 ~ 800.0,100.0 ~ 800.0,5.0 ~ 100.0,0.0 ~ 2.0,0.0 ~ 2.0,0.0 ~ 2.0,0.0 ~ 2.0,0.0,--------------
