,alpha,alpha_an,beta,beta_an,s_all,c,old_crt,new_crt,t0,t0ann,kappa,F_cmoonn,L_cmoonn,Lcmonno,an_oool,wssd,w
0,0.21930889766761222,0.12799399165153014,2.337996181416841,6.102644646874293,0.04984113870585421,0.3129835784038602,4.7850936093367356,-4.614352512377709,686.4692715906192,701.5900062673717,15.456956199410932,0.08732427603627482,0.009999999999993493,0.0,0.07732427603627567,18.548884299064348,new_rt:8
1,0.2221759944074882,0.1307037350634281,2.3202256361811457,8.260742078951221,0.04986899333708039,0.3203696066828222,4.83531821187529,-4.651776416108158,686.2253075220215,701.6541426883925,15.187955919433355,0.09207283569549057,0.009999999999868121,0.0,0.08207283569548174,18.405407873075802,old_rt:2
2,0.22225891832482958,0.13134418034004547,2.320217808478568,9.276268785634537,0.049889177920136876,0.3217676364431762,4.85715022121028,-4.669480972769486,686.5907748665759,701.5157067021471,15.048661892546296,0.09334374419306021,0.009999999999998711,0.0,0.08334374419306004,18.37804417288764,new_err:4
3,0.2018205958881419,0.07421439804572288,2.4094555567716065,2.225081691498639,0.05098169204779656,0.2728939879235283,4.680912169826357,-4.418865227261024,685.9013752329934,702.5196028213663,16.50564237482759,0.06050333871178127,0.015428651993688852,0.005428651993682863,0.05050333871178295,19.284581719129513,old_err:1
4,0.20439490386422748,0.06861775652382861,2.388091270742974,2.098796686280867,0.05128201974173525,0.2756649920655692,4.5876182568187165,-4.423399209597965,685.8455385864256,702.7245966247757,16.83108489751248,0.058390691167843,0.015465635804918793,0.005465635804915734,0.04839069116784147,19.24109567883983,--------------
0,0.01 ~ 1.0,0.01 ~ 1.0,0.01 ~ 10.0,0.01 ~ 10.0,0.01 ~ 1.0,0.01 ~ 2.0,1.0 ~ 8.0,-8.0 ~ -1.0,100.0 ~ 800.0,100.0 ~ 800.0,5.0 ~ 100.0,0.0 ~ 2.0,0.0 ~ 2.0,0.0 ~ 2.0,0.0 ~ 2.0,0.0,--------------
