,alpha,beta,s,c_ANpure,c_CMpure,c_MIX,c_MIX2,c_VMpure,BDDo_ANpure,BDDn_ANpure,BDDo_CMpure,BDDn_CMpure,BDDo_MIX,BDDn_MIX,BDDo_MIX2,BDDn_MIX2,BDDo_VMpure,BDDn_VMpure,t0,t0an,kappa,F_ANpure_AN_oldiold_oldinew,F_CMpure_CM_oldiold_oldinew,L_CMpure_CM_oldiold_newinew,L_CMpure_CM_oldinew_newiold,F_VMpure_VM_oldiold_oldinew,L_VMpure,F_MIX_CM_oldiold_oldinew,L_MIX_CM_oldiold_newinew,L_MIX_CM_oldinew_newiold,F_MIX_AN_oldiold_oldinew,F_MIX2_CM_oldiold_oldinew,L_MIX2_CM_oldiold_newinew,L_MIX2_CM_oldinew_newiold,F_MIX2_AN_oldiold_oldinew
0,0.4822932381929144,1.43578607807027,0.03415842608811729,0.7756773092936533,0.8457448167557208,0.9899999999683486,0.6762167200137479,0.8770975067548847,3.723612459822338,-7.258340816013573,3.1133283895173762,-6.7640329226738185,3.421657951240008,-9.821956379522806,3.7512565754272487,-7.18401099794145,6.260561162257852,-5.629344729029925,584.487800356813,575.3356848470172,13.54960865515802,0.21879295357809156,0.22879295355556875,0.0585795580737716,0.010101345780558341,0.2651395611843354,0.00010134577814132292,0.13887853999736904,0.1833532070562156,0.17335320706779125,0.10278287163211043,0.4910584491191712,0.012910616244190957,0.002910616241259839,0.4639544546798966
0,0.1 ~ 2.9,0.01 ~ 4.0,0.01 ~ 0.999,0.01 ~ 0.99,0.01 ~ 0.99,0.01 ~ 0.99,0.01 ~ 0.99,0.01 ~ 0.99,1.0 ~ 10.0,-10.0 ~ 1.0,1.0 ~ 10.0,-10.0 ~ 1.0,1.0 ~ 10.0,-10.0 ~ 1.0,1.0 ~ 10.0,-10.0 ~ 1.0,1.0 ~ 10.0,-10.0 ~ 1.0,300.0 ~ 900.0,300.0 ~ 900.0,10.0 ~ 100.0,0.0001 ~ 1.0,0.0001 ~ 1.0,0.0001 ~ 1.0,0.0001 ~ 1.0,0.0001 ~ 1.0,0.0001 ~ 1.0,0.0001 ~ 1.0,0.0001 ~ 1.0,0.0001 ~ 1.0,0.0001 ~ 1.0,0.0001 ~ 1.0,0.0001 ~ 1.0,0.0001 ~ 1.0,0.0001 ~ 1.0
