,alpha,beta,s,c,old_crt,new_crt,t0,t0ann,kappa,F_cmoonn,L_cmoonn,Lcmonno,an_oool
0,0.4219136430292981,1.1000000000000012,0.02726698563022069,0.48771665197626746,3.359475244757172,-4.011894576666206,471.3564463918089,490.06692249188296,37.0,0.11235768026443277,0.10458442341400596,0.09458442341400637,0.055807330528286965
1,0.4263206140313312,1.1,0.02711200602971165,0.4919490555689265,3.372009957134488,-4.013939726972738,469.7229853112034,488.6905628346697,37.0,0.115420391175823,0.1050485611539694,0.09504856113092977,0.058359204803114136
2,0.423367260309715,1.1,0.027225824931733245,0.48904039850706027,3.3610841871161403,-4.011580906663695,471.17070867964645,489.868293504848,37.0,0.11314155571678201,0.10460926660405699,0.09460926660401661,0.056448232067002384
3,0.42331077449846805,1.1000000021184149,0.02721997515406353,0.4891730680891784,3.3610506781211424,-4.011957559200908,471.1609994938334,489.76717131632824,37.0,0.11332030296255247,0.10437831795423891,0.0943783183323436,0.05661908785025808
4,0.421831874062205,1.1,0.027256885352473045,0.48742548427909593,3.360038899853788,-4.009536044456836,471.4810281742889,490.32579569533203,37.0,0.11234091486613802,0.10457319545130603,0.09457319545074988,0.0556608792141862
5,0.4242669972349393,1.1,0.027220296857498192,0.4900760094241773,3.360384963721172,-4.0140668779937085,470.9685522929896,489.70306795011874,37.0,0.11343141649568511,0.10488235880398995,0.09488235880403305,0.056722093689725674
6,0.23347072666743787,1.7860209700838408,0.01,0.15376416606197005,1.8880881832703396,-2.415603828243735,698.8143023648872,698.3919053554886,37.0,0.020788155769121696,0.023856463915004147,0.013849022038254359,6.331179365907397e-09
7,0.4215759461332297,1.1,0.027264150120114548,0.487409117186652,3.360590693539576,-4.0094118994304,471.4448204677039,490.2407604633605,37.0,0.11250278767366555,0.10431086685038195,0.09431086685038492,0.0557662993266426
0,0.01 ~ 1.0,1.1 ~ 3.0,0.01 ~ 1.0,0.01 ~ 2.0,1.0 ~ 5.0,-5.0 ~ -1.0,300.0 ~ 699.0,300.0 ~ 699.0,37.0 ~ 37.0,0.0 ~ 2.0,0.0 ~ 2.0,0.0 ~ 2.0,0.0 ~ 2.0
